[
  {
    "id": 1,
    "guest": "Crissy Croisdall",
    "orderDate": "09-22-2022",
    "checkIn": "07-28-2022",
    "checkOut": "11-03-2022",
    "special": "Special request number 1",
    "roomType": "Double Bed",
    "roomNumber": 1,
    "bookStatus": "in",
    "photo": [
      "https://tecnohotelnews.com/wp-content/uploads/2020/01/Room-Mate-Olivia-Suite-1.jpg",
      "https://static01.nyt.com/images/2019/03/24/travel/24trending-shophotels1/24trending-shophotels1-superJumbo.jpg",
      "https://s7d2.scene7.com/is/image/ritzcarlton/pnqrz-king-50668318?$XlargeViewport100pct$"
    ]
  },
  {
    "id": 2,
    "guest": "Guinna Edlington",
    "orderDate": "03-25-2022",
    "checkIn": "04-28-2022",
    "checkOut": "09-10-2022",
    "special": "Special request number 2",
    "roomType": "Double Bed",
    "roomNumber": 2,
    "bookStatus": "out",
    "photo": [
      "https://st.hzcdn.com/simgs/pictures/bedrooms/cruelty-free-luxury-bedroom-dimare-design-img~7011347f07f3f5aa_9-8849-1-6e7db76.jpg",
      "https://images.squarespace-cdn.com/content/v1/53b5ae62e4b04291a7408706/1473854326018-6O01FR1QH8SSTOIG40AU/4+budget-friendly+master+bedroom+decorating+ideas?format=1000w"
    ]
  },
  {
    "id": 3,
    "guest": "Evaleen Kernes",
    "orderDate": "06-04-2022",
    "checkIn": "09-29-2022",
    "checkOut": "01-11-2022",
    "special": "Special request number 3",
    "roomType": "Double Bed",
    "roomNumber": 3,
    "bookStatus": "out",
    "photo": [
      "https://tecnohotelnews.com/wp-content/uploads/2020/01/Room-Mate-Olivia-Suite-1.jpg",
      "https://static01.nyt.com/images/2019/03/24/travel/24trending-shophotels1/24trending-shophotels1-superJumbo.jpg",
      "https://s7d2.scene7.com/is/image/ritzcarlton/pnqrz-king-50668318?$XlargeViewport100pct$"
    ]
  },
  {
    "id": 4,
    "guest": "Georgianne Lerego",
    "orderDate": "05-16-2022",
    "checkIn": "11-27-2022",
    "checkOut": "12-18-2022",
    "special": "Special request number 4",
    "roomType": "Double Bed",
    "roomNumber": 4,
    "bookStatus": "in",
    "photo": [
      "https://tecnohotelnews.com/wp-content/uploads/2020/01/Room-Mate-Olivia-Suite-1.jpg",
      "https://static01.nyt.com/images/2019/03/24/travel/24trending-shophotels1/24trending-shophotels1-superJumbo.jpg",
      "https://s7d2.scene7.com/is/image/ritzcarlton/pnqrz-king-50668318?$XlargeViewport100pct$"
    ]
  },
  {
    "id": 5,
    "guest": "Judon Lyttle",
    "orderDate": "04-22-2022",
    "checkIn": "05-26-2022",
    "checkOut": "10-08-2022",
    "special": "Special request number 5",
    "roomType": "Double Bed",
    "roomNumber": 5,
    "bookStatus": "in",
    "photo": [
      "https://tecnohotelnews.com/wp-content/uploads/2020/01/Room-Mate-Olivia-Suite-1.jpg",
      "https://static01.nyt.com/images/2019/03/24/travel/24trending-shophotels1/24trending-shophotels1-superJumbo.jpg",
      "https://s7d2.scene7.com/is/image/ritzcarlton/pnqrz-king-50668318?$XlargeViewport100pct$"
    ]
  },
  {
    "id": 6,
    "guest": "Eamon Yorke",
    "orderDate": "12-04-2022",
    "checkIn": "10-06-2022",
    "checkOut": "12-11-2022",
    "special": "Special request number 6",
    "roomType": "Double Bed",
    "roomNumber": 6,
    "bookStatus": "progress",
    "photo": [
      "https://tecnohotelnews.com/wp-content/uploads/2020/01/Room-Mate-Olivia-Suite-1.jpg",
      "https://static01.nyt.com/images/2019/03/24/travel/24trending-shophotels1/24trending-shophotels1-superJumbo.jpg",
      "https://s7d2.scene7.com/is/image/ritzcarlton/pnqrz-king-50668318?$XlargeViewport100pct$"
    ]
  },
  {
    "id": 7,
    "guest": "Farlie Kalb",
    "orderDate": "01-13-2022",
    "checkIn": "01-14-2022",
    "checkOut": "09-08-2022",
    "special": "Special request number 7",
    "roomType": "Double Bed",
    "roomNumber": 7,
    "bookStatus": "out",
    "photo": [
      "https://tecnohotelnews.com/wp-content/uploads/2020/01/Room-Mate-Olivia-Suite-1.jpg",
      "https://static01.nyt.com/images/2019/03/24/travel/24trending-shophotels1/24trending-shophotels1-superJumbo.jpg",
      "https://s7d2.scene7.com/is/image/ritzcarlton/pnqrz-king-50668318?$XlargeViewport100pct$"
    ]
  },
  {
    "id": 8,
    "guest": "Kimberly Blazeby",
    "orderDate": "08-11-2022",
    "checkIn": "01-17-2022",
    "checkOut": "10-01-2022",
    "special": "Special request number 8",
    "roomType": "Double Bed",
    "roomNumber": 8,
    "bookStatus": "in",
    "photo": [
      "https://tecnohotelnews.com/wp-content/uploads/2020/01/Room-Mate-Olivia-Suite-1.jpg",
      "https://static01.nyt.com/images/2019/03/24/travel/24trending-shophotels1/24trending-shophotels1-superJumbo.jpg",
      "https://s7d2.scene7.com/is/image/ritzcarlton/pnqrz-king-50668318?$XlargeViewport100pct$"
    ]
  },
  {
    "id": 9,
    "guest": "Bail Iacovielli",
    "orderDate": "07-05-2022",
    "checkIn": "03-23-2022",
    "checkOut": "11-02-2022",
    "special": "Special request number 9",
    "roomType": "Double Bed",
    "roomNumber": 9,
    "bookStatus": "progress",
    "photo": [
      "https://tecnohotelnews.com/wp-content/uploads/2020/01/Room-Mate-Olivia-Suite-1.jpg",
      "https://static01.nyt.com/images/2019/03/24/travel/24trending-shophotels1/24trending-shophotels1-superJumbo.jpg",
      "https://s7d2.scene7.com/is/image/ritzcarlton/pnqrz-king-50668318?$XlargeViewport100pct$"
    ]
  },
  {
    "id": 10,
    "guest": "Farris Beardsall",
    "orderDate": "07-05-2022",
    "checkIn": "03-26-2022",
    "checkOut": "08-20-2022",
    "special": null,
    "roomType": "Double Bed",
    "roomNumber": 10,
    "bookStatus": "out",
    "photo": [
      "https://tecnohotelnews.com/wp-content/uploads/2020/01/Room-Mate-Olivia-Suite-1.jpg",
      "https://static01.nyt.com/images/2019/03/24/travel/24trending-shophotels1/24trending-shophotels1-superJumbo.jpg",
      "https://s7d2.scene7.com/is/image/ritzcarlton/pnqrz-king-50668318?$XlargeViewport100pct$"
    ]
  },
  {
    "id": 11,
    "guest": "Crissy Croisdall",
    "orderDate": "09-22-2022",
    "checkIn": "07-28-2022",
    "checkOut": "11-03-2022",
    "special": "Special request number 1",
    "roomType": "Double Bed",
    "roomNumber": 11,
    "bookStatus": "in",
    "photo": [
      "https://tecnohotelnews.com/wp-content/uploads/2020/01/Room-Mate-Olivia-Suite-1.jpg",
      "https://static01.nyt.com/images/2019/03/24/travel/24trending-shophotels1/24trending-shophotels1-superJumbo.jpg",
      "https://s7d2.scene7.com/is/image/ritzcarlton/pnqrz-king-50668318?$XlargeViewport100pct$"
    ]
  },
  {
    "id": 12,
    "guest": "Guinna Edlington",
    "orderDate": "03-25-2022",
    "checkIn": "04-28-2022",
    "checkOut": "09-10-2022",
    "special": "Special request number 2",
    "roomType": "Double Bed",
    "roomNumber": 12,
    "bookStatus": "out",
    "photo": [
      "https://tecnohotelnews.com/wp-content/uploads/2020/01/Room-Mate-Olivia-Suite-1.jpg",
      "https://static01.nyt.com/images/2019/03/24/travel/24trending-shophotels1/24trending-shophotels1-superJumbo.jpg",
      "https://s7d2.scene7.com/is/image/ritzcarlton/pnqrz-king-50668318?$XlargeViewport100pct$"
    ]
  },
  {
    "id": 13,
    "guest": "Evaleen Kernes",
    "orderDate": "06-04-2022",
    "checkIn": "09-29-2022",
    "checkOut": "01-11-2022",
    "special": "Special request number 3",
    "roomType": "Double Bed",
    "roomNumber": 13,
    "bookStatus": "out",
    "photo": [
      "https://tecnohotelnews.com/wp-content/uploads/2020/01/Room-Mate-Olivia-Suite-1.jpg",
      "https://static01.nyt.com/images/2019/03/24/travel/24trending-shophotels1/24trending-shophotels1-superJumbo.jpg",
      "https://s7d2.scene7.com/is/image/ritzcarlton/pnqrz-king-50668318?$XlargeViewport100pct$"
    ]
  },
  {
    "id": 14,
    "guest": "Georgianne Lerego",
    "orderDate": "05-16-2022",
    "checkIn": "11-27-2022",
    "checkOut": "12-18-2022",
    "special": "Special request number 4",
    "roomType": "Double Bed",
    "roomNumber": 14,
    "bookStatus": "in",
    "photo": [
      "https://tecnohotelnews.com/wp-content/uploads/2020/01/Room-Mate-Olivia-Suite-1.jpg",
      "https://static01.nyt.com/images/2019/03/24/travel/24trending-shophotels1/24trending-shophotels1-superJumbo.jpg",
      "https://s7d2.scene7.com/is/image/ritzcarlton/pnqrz-king-50668318?$XlargeViewport100pct$"
    ]
  },
  {
    "id": 15,
    "guest": "Judon Lyttle",
    "orderDate": "04-22-2022",
    "checkIn": "05-26-2022",
    "checkOut": "10-08-2022",
    "special": "Special request number 5",
    "roomType": "Double Bed",
    "roomNumber": 15,
    "bookStatus": "in",
    "photo": [
      "https://tecnohotelnews.com/wp-content/uploads/2020/01/Room-Mate-Olivia-Suite-1.jpg",
      "https://static01.nyt.com/images/2019/03/24/travel/24trending-shophotels1/24trending-shophotels1-superJumbo.jpg",
      "https://s7d2.scene7.com/is/image/ritzcarlton/pnqrz-king-50668318?$XlargeViewport100pct$"
    ]
  },
  {
    "id": 16,
    "guest": "Eamon Yorke",
    "orderDate": "12-04-2022",
    "checkIn": "10-06-2022",
    "checkOut": "12-11-2022",
    "special": "Special request number 6",
    "roomType": "Double Bed",
    "roomNumber": 16,
    "bookStatus": "progress",
    "photo": [
      "https://tecnohotelnews.com/wp-content/uploads/2020/01/Room-Mate-Olivia-Suite-1.jpg",
      "https://static01.nyt.com/images/2019/03/24/travel/24trending-shophotels1/24trending-shophotels1-superJumbo.jpg",
      "https://s7d2.scene7.com/is/image/ritzcarlton/pnqrz-king-50668318?$XlargeViewport100pct$"
    ]
  },
  {
    "id": 17,
    "guest": "Farlie Kalb",
    "orderDate": "01-13-2022",
    "checkIn": "01-14-2022",
    "checkOut": "09-08-2022",
    "special": "Special request number 7",
    "roomType": "Double Bed",
    "roomNumber": 17,
    "bookStatus": "out",
    "photo": [
      "https://tecnohotelnews.com/wp-content/uploads/2020/01/Room-Mate-Olivia-Suite-1.jpg",
      "https://static01.nyt.com/images/2019/03/24/travel/24trending-shophotels1/24trending-shophotels1-superJumbo.jpg",
      "https://s7d2.scene7.com/is/image/ritzcarlton/pnqrz-king-50668318?$XlargeViewport100pct$"
    ]
  },
  {
    "id": 18,
    "guest": "Kimberly Blazeby",
    "orderDate": "08-11-2022",
    "checkIn": "01-17-2022",
    "checkOut": "10-01-2022",
    "special": "Special request number 8",
    "roomType": "Double Bed",
    "roomNumber": 18,
    "bookStatus": "in",
    "photo": [
      "https://tecnohotelnews.com/wp-content/uploads/2020/01/Room-Mate-Olivia-Suite-1.jpg",
      "https://static01.nyt.com/images/2019/03/24/travel/24trending-shophotels1/24trending-shophotels1-superJumbo.jpg",
      "https://s7d2.scene7.com/is/image/ritzcarlton/pnqrz-king-50668318?$XlargeViewport100pct$"
    ]
  },
  {
    "id": 19,
    "guest": "Bail Iacovielli",
    "orderDate": "07-05-2022",
    "checkIn": "03-23-2022",
    "checkOut": "11-02-2022",
    "special": "Special request number 9",
    "roomType": "Double Bed",
    "roomNumber": 19,
    "bookStatus": "progress",
    "photo": [
      "https://tecnohotelnews.com/wp-content/uploads/2020/01/Room-Mate-Olivia-Suite-1.jpg",
      "https://static01.nyt.com/images/2019/03/24/travel/24trending-shophotels1/24trending-shophotels1-superJumbo.jpg",
      "https://s7d2.scene7.com/is/image/ritzcarlton/pnqrz-king-50668318?$XlargeViewport100pct$"
    ]
  },
  {
    "id": 20,
    "guest": "Farris Beardsall",
    "orderDate": "07-05-2022",
    "checkIn": "03-26-2022",
    "checkOut": "08-20-2022",
    "special": null,
    "roomType": "Double Bed",
    "roomNumber": 20,
    "bookStatus": "out",
    "photo": [
      "https://tecnohotelnews.com/wp-content/uploads/2020/01/Room-Mate-Olivia-Suite-1.jpg",
      "https://static01.nyt.com/images/2019/03/24/travel/24trending-shophotels1/24trending-shophotels1-superJumbo.jpg",
      "https://s7d2.scene7.com/is/image/ritzcarlton/pnqrz-king-50668318?$XlargeViewport100pct$"
    ]
  },
  {
    "id": 21,
    "guest": "Crissy Croisdall",
    "orderDate": "09-22-2022",
    "checkIn": "07-28-2022",
    "checkOut": "11-03-2022",
    "special": "Special request number 1",
    "roomType": "Double Bed",
    "roomNumber": 21,
    "bookStatus": "in",
    "photo": [
      "https://tecnohotelnews.com/wp-content/uploads/2020/01/Room-Mate-Olivia-Suite-1.jpg",
      "https://static01.nyt.com/images/2019/03/24/travel/24trending-shophotels1/24trending-shophotels1-superJumbo.jpg",
      "https://s7d2.scene7.com/is/image/ritzcarlton/pnqrz-king-50668318?$XlargeViewport100pct$"
    ]
  },
  {
    "id": 22,
    "guest": "Guinna Edlington",
    "orderDate": "03-25-2022",
    "checkIn": "04-28-2022",
    "checkOut": "09-10-2022",
    "special": "Special request number 2",
    "roomType": "Double Bed",
    "roomNumber": 22,
    "bookStatus": "out",
    "photo": [
      "https://tecnohotelnews.com/wp-content/uploads/2020/01/Room-Mate-Olivia-Suite-1.jpg",
      "https://static01.nyt.com/images/2019/03/24/travel/24trending-shophotels1/24trending-shophotels1-superJumbo.jpg",
      "https://s7d2.scene7.com/is/image/ritzcarlton/pnqrz-king-50668318?$XlargeViewport100pct$"
    ]
  },
  {
    "id": 23,
    "guest": "Evaleen Kernes",
    "orderDate": "06-04-2022",
    "checkIn": "09-29-2022",
    "checkOut": "01-11-2022",
    "special": "Special request number 3",
    "roomType": "Double Bed",
    "roomNumber": 23,
    "bookStatus": "out",
    "photo": [
      "https://tecnohotelnews.com/wp-content/uploads/2020/01/Room-Mate-Olivia-Suite-1.jpg",
      "https://static01.nyt.com/images/2019/03/24/travel/24trending-shophotels1/24trending-shophotels1-superJumbo.jpg",
      "https://s7d2.scene7.com/is/image/ritzcarlton/pnqrz-king-50668318?$XlargeViewport100pct$"
    ]
  },
  {
    "id": 24,
    "guest": "Georgianne Lerego",
    "orderDate": "05-16-2022",
    "checkIn": "11-27-2022",
    "checkOut": "12-18-2022",
    "special": "Special request number 4",
    "roomType": "Double Bed",
    "roomNumber": 24,
    "bookStatus": "in",
    "photo": [
      "https://tecnohotelnews.com/wp-content/uploads/2020/01/Room-Mate-Olivia-Suite-1.jpg",
      "https://static01.nyt.com/images/2019/03/24/travel/24trending-shophotels1/24trending-shophotels1-superJumbo.jpg",
      "https://s7d2.scene7.com/is/image/ritzcarlton/pnqrz-king-50668318?$XlargeViewport100pct$"
    ]
  },
  {
    "id": 25,
    "guest": "Judon Lyttle",
    "orderDate": "04-22-2022",
    "checkIn": "05-26-2022",
    "checkOut": "10-08-2022",
    "special": "Special request number 5",
    "roomType": "Double Bed",
    "roomNumber": 25,
    "bookStatus": "in",
    "photo": [
      "https://tecnohotelnews.com/wp-content/uploads/2020/01/Room-Mate-Olivia-Suite-1.jpg",
      "https://static01.nyt.com/images/2019/03/24/travel/24trending-shophotels1/24trending-shophotels1-superJumbo.jpg",
      "https://s7d2.scene7.com/is/image/ritzcarlton/pnqrz-king-50668318?$XlargeViewport100pct$"
    ]
  },
  {
    "id": 26,
    "guest": "Eamon Yorke",
    "orderDate": "12-04-2022",
    "checkIn": "10-06-2022",
    "checkOut": "12-11-2022",
    "special": "Special request number 6",
    "roomType": "Double Bed",
    "roomNumber": 26,
    "bookStatus": "progress",
    "photo": [
      "https://tecnohotelnews.com/wp-content/uploads/2020/01/Room-Mate-Olivia-Suite-1.jpg",
      "https://static01.nyt.com/images/2019/03/24/travel/24trending-shophotels1/24trending-shophotels1-superJumbo.jpg",
      "https://s7d2.scene7.com/is/image/ritzcarlton/pnqrz-king-50668318?$XlargeViewport100pct$"
    ]
  },
  {
    "id": 27,
    "guest": "Farlie Kalb",
    "orderDate": "01-13-2022",
    "checkIn": "01-14-2022",
    "checkOut": "09-08-2022",
    "special": "Special request number 7",
    "roomType": "Double Bed",
    "roomNumber": 27,
    "bookStatus": "out",
    "photo": [
      "https://tecnohotelnews.com/wp-content/uploads/2020/01/Room-Mate-Olivia-Suite-1.jpg",
      "https://static01.nyt.com/images/2019/03/24/travel/24trending-shophotels1/24trending-shophotels1-superJumbo.jpg",
      "https://s7d2.scene7.com/is/image/ritzcarlton/pnqrz-king-50668318?$XlargeViewport100pct$"
    ]
  },
  {
    "id": 28,
    "guest": "Kimberly Blazeby",
    "orderDate": "08-11-2022",
    "checkIn": "01-17-2022",
    "checkOut": "10-01-2022",
    "special": "Special request number 8",
    "roomType": "Double Bed",
    "roomNumber": 28,
    "bookStatus": "in",
    "photo": [
      "https://tecnohotelnews.com/wp-content/uploads/2020/01/Room-Mate-Olivia-Suite-1.jpg",
      "https://static01.nyt.com/images/2019/03/24/travel/24trending-shophotels1/24trending-shophotels1-superJumbo.jpg",
      "https://s7d2.scene7.com/is/image/ritzcarlton/pnqrz-king-50668318?$XlargeViewport100pct$"
    ]
  },
  {
    "id": 29,
    "guest": "Bail Iacovielli",
    "orderDate": "07-05-2022",
    "checkIn": "2-18-2022",
    "checkOut": "11-02-2022",
    "special": "Special request number 9",
    "roomType": "Double Bed",
    "roomNumber": 29,
    "bookStatus": "progress",
    "photo": [
      "https://tecnohotelnews.com/wp-content/uploads/2020/01/Room-Mate-Olivia-Suite-1.jpg",
      "https://static01.nyt.com/images/2019/03/24/travel/24trending-shophotels1/24trending-shophotels1-superJumbo.jpg",
      "https://s7d2.scene7.com/is/image/ritzcarlton/pnqrz-king-50668318?$XlargeViewport100pct$"
    ]
  },
  {
    "id": 30,
    "guest": "Farris Beardsall",
    "orderDate": "07-05-2022",
    "checkIn": "1-14-2022",
    "checkOut": "08-20-2022",
    "special": null,
    "roomType": "Double Bed",
    "roomNumber": 30,
    "bookStatus": "out",
    "photo": [
      "https://tecnohotelnews.com/wp-content/uploads/2020/01/Room-Mate-Olivia-Suite-1.jpg",
      "https://static01.nyt.com/images/2019/03/24/travel/24trending-shophotels1/24trending-shophotels1-superJumbo.jpg",
      "https://s7d2.scene7.com/is/image/ritzcarlton/pnqrz-king-50668318?$XlargeViewport100pct$"
    ]
  }
]