[
  {
    "photo": "https://robohash.org/dictaestqui.png?size=50x50&set=set1",
    "id": 1,
    "name": "Ira Bathow",
    "mail": "ibathow0@a8.net",
    "job": "Software Consultant",
    "phone": "632-402-4355",
    "status": "inactive",
    "startDate": "11-10-21",
    "endDate": "12-31-21"
  },
  {
    "photo": "https://robohash.org/reiciendismaximedolore.png?size=50x50&set=set1",
    "id": 2,
    "name": "Randolf Troillet",
    "mail": "rtroillet1@scientificamerican.com",
    "job": "Product Engineer",
    "phone": "988-481-9616",
    "status": "inactive",
    "startDate": "01-31-21",
    "endDate": "12-31-21"
  },
  {
    "photo": "https://robohash.org/iustoaccusamussimilique.png?size=50x50&set=set1",
    "id": 3,
    "name": "Guillaume Roskams",
    "mail": "groskams2@engadget.com",
    "job": "Project Manager",
    "phone": "910-323-9256",
    "status": "active",
    "startDate": "01-31-21",
    "endDate": "12-31-21"
  },
  {
    "photo": "https://robohash.org/laudantiumdoloresvoluptas.png?size=50x50&set=set1",
    "id": 4,
    "name": "Ethelred Lyford",
    "mail": "elyford3@pcworld.com",
    "job": "Sales Associate",
    "phone": "936-100-6806",
    "status": "active",
    "startDate": "10-05-21",
    "endDate": "12-31-21"
  },
  {
    "photo": "https://robohash.org/quiaadipiscicumque.png?size=50x50&set=set1",
    "id": 5,
    "name": "Carlo Stealy",
    "mail": "cstealy4@geocities.jp",
    "job": "Professor",
    "phone": "721-216-1514",
    "status": "inactive",
    "startDate": "10-05-21",
    "endDate": "12-31-21"
  },
  {
    "photo": "https://robohash.org/quodeaquedignissimos.png?size=50x50&set=set1",
    "id": 6,
    "name": "Sela Abrahim",
    "mail": "sabrahim5@toplist.cz",
    "job": "Nuclear Power Engineer",
    "phone": "645-119-1484",
    "status": "active",
    "startDate": "10-05-21",
    "endDate": "12-31-21"
  },
  {
    "photo": "https://robohash.org/etquiut.png?size=50x50&set=set1",
    "id": 7,
    "name": "Judah Kondratowicz",
    "mail": "jkondratowicz6@infoseek.co.jp",
    "job": "Recruiter",
    "phone": "227-811-5949",
    "status": "active",
    "startDate": "10-05-21",
    "endDate": "12-31-21"
  },
  {
    "photo": "https://robohash.org/quaeseddolores.png?size=50x50&set=set1",
    "id": 8,
    "name": "Judi Postgate",
    "mail": "jpostgate7@posterous.com",
    "job": "Software Test Engineer IV",
    "phone": "996-349-4539",
    "status": "active",
    "startDate": "10-05-21",
    "endDate": "12-31-21"
  },
  {
    "photo": "https://robohash.org/doloresinsint.png?size=50x50&set=set1",
    "id": 9,
    "name": "Janka Critchley",
    "mail": "jcritchley8@altervista.org",
    "job": "Health Coach I",
    "phone": "586-836-8068",
    "status": "active",
    "startDate": "10-05-21",
    "endDate": "12-31-21"
  },
  {
    "photo": "https://robohash.org/inquiculpa.png?size=50x50&set=set1",
    "id": 10,
    "name": "Petunia Kirkebye",
    "mail": "pkirkebye9@xrea.com",
    "job": "Editor",
    "phone": "752-474-9424",
    "status": "inactive",
    "startDate": "10-05-21",
    "endDate": "12-31-21"
  },
  {
    "photo": "https://robohash.org/dictaestqui.png?size=50x50&set=set1",
    "id": 11,
    "name": "Ira Bathow",
    "mail": "ibathow0@a8.net",
    "job": "Software Consultant",
    "phone": "632-402-4355",
    "status": "inactive",
    "startDate": "10-05-21",
    "endDate": "12-31-21"
  },
  {
    "photo": "https://robohash.org/reiciendismaximedolore.png?size=50x50&set=set1",
    "id": 12,
    "name": "Randolf Troillet",
    "mail": "rtroillet1@scientificamerican.com",
    "job": "Product Engineer",
    "phone": "988-481-9616",
    "status": "inactive",
    "startDate": "10-05-21",
    "endDate": "12-31-21"
  },
  {
    "photo": "https://robohash.org/iustoaccusamussimilique.png?size=50x50&set=set1",
    "id": 13,
    "name": "Guillaume Roskams",
    "mail": "groskams2@engadget.com",
    "job": "Project Manager",
    "phone": "910-323-9256",
    "status": "active",
    "startDate": "10-05-21",
    "endDate": "12-31-21"
  },
  {
    "photo": "https://robohash.org/laudantiumdoloresvoluptas.png?size=50x50&set=set1",
    "id": 14,
    "name": "Ethelred Lyford",
    "mail": "elyford3@pcworld.com",
    "job": "Sales Associate",
    "phone": "936-100-6806",
    "status": "active",
    "startDate": "10-05-21",
    "endDate": "12-31-21"
  },
  {
    "photo": "https://robohash.org/quiaadipiscicumque.png?size=50x50&set=set1",
    "id": 15,
    "name": "Carlo Stealy",
    "mail": "cstealy4@geocities.jp",
    "job": "Professor",
    "phone": "721-216-1514",
    "status": "inactive",
    "startDate": "10-05-21",
    "endDate": "12-31-21"
  },
  {
    "photo": "https://robohash.org/quodeaquedignissimos.png?size=50x50&set=set1",
    "id": 16,
    "name": "Sela Abrahim",
    "mail": "sabrahim5@toplist.cz",
    "job": "Nuclear Power Engineer",
    "phone": "645-119-1484",
    "status": "active",
    "startDate": "10-05-21",
    "endDate": "12-31-21"
  },
  {
    "photo": "https://robohash.org/etquiut.png?size=50x50&set=set1",
    "id": 17,
    "name": "Judah Kondratowicz",
    "mail": "jkondratowicz6@infoseek.co.jp",
    "job": "Recruiter",
    "phone": "227-811-5949",
    "status": "active",
    "startDate": "10-05-21",
    "endDate": "12-31-21"
  },
  {
    "photo": "https://robohash.org/quaeseddolores.png?size=50x50&set=set1",
    "id": 18,
    "name": "Judi Postgate",
    "mail": "jpostgate7@posterous.com",
    "job": "Software Test Engineer IV",
    "phone": "996-349-4539",
    "status": "active",
    "startDate": "10-05-21",
    "endDate": "12-31-21"
  },
  {
    "photo": "https://robohash.org/doloresinsint.png?size=50x50&set=set1",
    "id": 19,
    "name": "Janka Critchley",
    "mail": "jcritchley8@altervista.org",
    "job": "Health Coach I",
    "phone": "586-836-8068",
    "status": "active",
    "startDate": "10-05-21",
    "endDate": "12-31-21"
  },
  {
    "photo": "https://robohash.org/inquiculpa.png?size=50x50&set=set1",
    "id": 20,
    "name": "Petunia Kirkebye",
    "mail": "pkirkebye9@xrea.com",
    "job": "Editor",
    "phone": "752-474-9424",
    "status": "inactive",
    "startDate": "10-05-21",
    "endDate": "12-31-21"
  },
  {
    "photo": "https://robohash.org/dictaestqui.png?size=50x50&set=set1",
    "id": 21,
    "name": "Ira Bathow",
    "mail": "ibathow0@a8.net",
    "job": "Software Consultant",
    "phone": "632-402-4355",
    "status": "inactive",
    "startDate": "12-09-21",
    "endDate": "12-31-21"
  },
  {
    "photo": "https://robohash.org/reiciendismaximedolore.png?size=50x50&set=set1",
    "id": 22,
    "name": "Randolf Troillet",
    "mail": "rtroillet1@scientificamerican.com",
    "job": "Product Engineer",
    "phone": "988-481-9616",
    "status": "inactive",
    "startDate": "12-09-21",
    "endDate": "12-31-21"
  },
  {
    "photo": "https://robohash.org/iustoaccusamussimilique.png?size=50x50&set=set1",
    "id": 23,
    "name": "Guillaume Roskams",
    "mail": "groskams2@engadget.com",
    "job": "Project Manager",
    "phone": "910-323-9256",
    "status": "active",
    "startDate": "12-09-21",
    "endDate": "12-31-21"
  },
  {
    "photo": "https://robohash.org/laudantiumdoloresvoluptas.png?size=50x50&set=set1",
    "id": 24,
    "name": "Ethelred Lyford",
    "mail": "elyford3@pcworld.com",
    "job": "Sales Associate",
    "phone": "936-100-6806",
    "status": "active",
    "startDate": "02-17-21",
    "endDate": "12-31-21"
  },
  {
    "photo": "https://robohash.org/quiaadipiscicumque.png?size=50x50&set=set1",
    "id": 25,
    "name": "Carlo Stealy",
    "mail": "cstealy4@geocities.jp",
    "job": "Professor",
    "phone": "721-216-1514",
    "status": "inactive",
    "startDate": "02-17-21",
    "endDate": "12-31-21"
  },
  {
    "photo": "https://robohash.org/quodeaquedignissimos.png?size=50x50&set=set1",
    "id": 26,
    "name": "Sela Abrahim",
    "mail": "sabrahim5@toplist.cz",
    "job": "Nuclear Power Engineer",
    "phone": "645-119-1484",
    "status": "active",
    "startDate": "02-17-21",
    "endDate": "12-31-21"
  },
  {
    "photo": "https://robohash.org/etquiut.png?size=50x50&set=set1",
    "id": 27,
    "name": "Judah Kondratowicz",
    "mail": "jkondratowicz6@infoseek.co.jp",
    "job": "Recruiter",
    "phone": "227-811-5949",
    "status": "active",
    "startDate": "03-08-21",
    "endDate": "12-31-21"
  },
  {
    "photo": "https://robohash.org/quaeseddolores.png?size=50x50&set=set1",
    "id": 28,
    "name": "Judi Postgate",
    "mail": "jpostgate7@posterous.com",
    "job": "Software Test Engineer IV",
    "phone": "996-349-4539",
    "status": "active",
    "startDate": "06-01-21",
    "endDate": "12-31-21"
  },
  {
    "photo": "https://robohash.org/doloresinsint.png?size=50x50&set=set1",
    "id": 29,
    "name": "Janka Critchley",
    "mail": "jcritchley8@altervista.org",
    "job": "Health Coach I",
    "phone": "586-836-8068",
    "status": "active",
    "startDate": "06-01-21",
    "endDate": "12-31-21"
  },
  {
    "photo": "https://robohash.org/inquiculpa.png?size=50x50&set=set1",
    "id": 30,
    "name": "AAAAAAAAAAAAA Kirkebye",
    "mail": "pkirkebye9@xrea.com",
    "job": "Editor",
    "phone": "752-474-9424",
    "status": "inactive",
    "startDate": "07-20-21",
    "endDate": "12-31-21"
  }
]